,0
0,आ ल _ न 
1,आ ब ा ह _ व 
2,आ ग 
3,आ प ा ह _ आ 
4,आ प र ् र 
5,आ उ ल _ म 
6,औ र ी _ आ ई त 
7,औ र ् प 
8,आ स ् म 
9,आ य ू न 
10,अ क ा ल र ् ड 
11,अ क क ् द स ल े ट न ् स 
12,अ क ् स ी 
13,अ ल ा द 
14,अ ल ् क ा स 
15,अ ल ो य ा ह 
16,ए स ि स 
17,अ न ा ल 
18,ए न ी 
19,अ न ् न े 
20,अ र ् र 
21,ए व _ ए न 
22,ए व ं ट 
23,अ ब ा य द 
24,अ ब र ो र 
25,अ ब _ इ न 
26,अ ब ् ल ् न ा 
27,अ ब ् म ि ल न 
28,आ ओ ह 
29,अ ओ य ा य प 
30,औ र ् ट ि 
31,आ र ् क 
32,आ ँ ग ् म ी 
33,अ ओ ब ॉ न 
34,आ ग र _ ह 
35,अ द े त 
36,अ द ् र ि ं क े 
37,ए ड ् ल न े न 
38,ए ल _ आ 
39,ए क ् र ो 
40,ए ई 
41,ए ई र 
42,ए त ् न ु स ् प 
43,अ स े 
44,ए ग र 
45,आ ई व त 
46,आ न र ् ह 
47,आ ई ब 
48,आ ई द े 
49,आ इ ध 
50,ए ई स ् ट 
51,अ ई ं ब र ि र 
52,आ ई त 
53,ए त _ म ि त ् स 
54,अ ह _ स ् ब ा 
55,आ ह _ इ द 
56,अ ह ग ् र ी 
57,अ ह ट र 
58,ए त _ र ् प 
59,ए ट न 
60,अ ं क ् ब ो ए ल 
61,अ म ल र 
62,अ म ो न ् प ा 
63,अ म ् त ि स 
64,ए य र ो न र 
65,अ ज ा ई ल 
66,अ ज ि य ा 
67,अ प ु ब 
68,अ प ् र े क ् न 
69,य ा आ क ् म ो 
70,उ य ा 
71,उ आ ा त 
72,उ ल ा 
73,उ ल ा द ा ह 
74,उ ल ् र ी 
75,उ ल _ स 
76,उ ल ् द ा ह _ स े 
77,उ क _ ल ा ल न 
78,य ु आ _ आ ै ज ॉ न 
79,य ू आ द े न 
80,य ा ओ ल ि ं क ् र 
81,य ौ ब _ आ द 
82,य ु आ ो य त 
83,य ा द स ि न 
84,य े ल ा त ् न ो र ् ब र 
85,य ा ल ् स ग ल प ा प 
86,उ य ा ह _ ओ न 
87,उ स ि न 
88,य ु आ न ् स ि य ा 
89,य ू आ र ् प 
90,उ आ ई ह ा स 
91,उ ह र ी र 
92,उ ट न 
93,य ु ए ट 
94,य ु प फ ् न ल 
95,उ फ ा ई 
96,उ र क ् स 
97,उ र ् र 
98,र ् ट ी _ स ी र 
99,उ र ् क ा द 
100,उ र ् क ् म ् ड 
101,उ र _ इ द 
102,उ र ् ड ु न ल ् क र 
103,उ र े क ो 
104,उ र े ं ट ् स 
105,उ र े ह स ी य ो र 
106,य ू र ि र ि र ् क _ ट ु ट र 
107,उ र ् ट ा 
108,उ र ् ट र 
109,उ र ् प 
110,उ _ आ ा 
111,य ू _ आ ँ न 
112,उ _ आ ब ् ट 
113,उ _ आ े व े 
114,उ _ आ ई श र 
115,उ _ आ ै म _ व 
116,उ _ त े स ा ई 
117,उ _ अ म व ा न 
118,उ _ र ् ल 
119,उ _ स ् स ो 
120,उ _ म ् य े र ह ज ै न 
121,य ु न ू _ स ी 
122,उ न ् व े न 
123,उ ं ब _ आ ै र 
124,न ् न ् ब ि स ् ड 
125,उ न ो _ आ ई 
126,उ न ू 
127,उ न ् स े स 
128,उ ं स _ र ् ड 
129,उ न ि य ा व 
130,उ न ा ह ो ज ा ह 
131,य ू क ब ् र ू 
132,य ू न ् क भ 
133,य ू न ् स ी म त 
134,उ न े ल 
135,उ स _ र ी 
136,उ स ् ल 
137,स ् र ् ट ा 
138,उ स ् व र 
139,उ स 
140,उ स ् ब 
141,स ि ल ् र ी 
142,उ श क 
143,उ स ् ज ो र 
144,य ा य क र ू 
145,उ आ ई _ द े 
146,य ु आ ा _ द े प ा 
147,य ू र ् र 
148,य ू र ् ट ् स 
149,य ु र ् र ि प 
150,य ु न े त 
151,स ि स ् द 
152,य ू स ् ब ् र 
153,स ि श 
154,उ स ् ट _ र ी 
155,य ु स ् ज ी ज 
156,य ू म र ो 
157,उ ं क ् ब ो ए ल 
158,उ म ो व न 
159,उ म ि र ा म 
160,उ म ि द ा 
161,उ म _ य ा म 
162,उ म ् प 
163,उ प ि स 
164,क ो क ा ई प 
165,क द ् ग ु र ू 
166,क े ल ा ह 
167,क ै ग स 
168,क ै न े क 
169,क ै य प 
170,क म ो व न ् र ो ल 
171,क ा ल ा ई 
172,क ा ब ा ई ल _ आ ई 
173,क ा द ् ग ो ए 
174,क े क ् र ् फ 
175,क े ब े य ौ 
176,क ा ग र ो 
177,क _ ए ै ं ट 
178,क ा इ त ी र 
179,क ि त ि र ् म 
180,क _ ह ह ह ह 
181,क ा ट ् व र ो ल 
182,क ा ट ् ट ् ट र ि व र 
183,क _ ए ट ् ट ् र ि व 
184,क _ ए म ् म ि प 
185,क _ अ प ो ह र 
186,क ् र ी 
187,क ् ड ् न क ा ओ 
188,क ् र ी ब र ् ह य ा 
189,क _ स ् स 
190,क _ न ू न ो आ 
191,न ् र ् प ् प े 
192,क _ न ि ह ् न ा 
193,क _ स ं क ् र 
194,क ो _ स ो य ा ई द 
195,क ि स ी 
196,क ् स ि य ा ल 
197,क ि स े ं क ो र 
198,क ि क _ म ि क ् न ो 
199,क _ प ो म 
200,क ् ल ा ल ् र 
201,क ् ं ड ा त ि ं स 
202,क ं ट ल र ो 
203,क ् क त 
204,क ् स ा 
205,क ् व र ् र 
206,क ् स ो आ 
207,क ् स ो स ् म ी 
208,क ् स द े ल े ट ् र 
209,क ् ड ् ग ् र ् र ी ह 
210,क े ल ् र ् क स ि क ् स 
211,क े ल ् स र ् फ ा 
212,क े श स न ल र ् ल 
213,क ् स ो ए क 
214,क ् क ् क ् स 
215,क ् स ि य फ े 
216,क ् श न ् र ी 
217,क ् म म े ट 
218,क ि र ् व 
219,क ि स र 
220,क ि स ् ब _ स ी 
221,क ि श ् ण े क 
222,क ि स ् ज े 
223,क ् म ो थ ् म ि र 
224,क ् म ि ट ो प 
225,क ् प ु र ी 
226,ल ा ओ 
227,ल ा उ _ स न 
228,ल ौ न 
229,ल ा र ् क ् म 
230,ल ै क _ व ा ओ 
231,ल ा _ अ ल ् र 
232,ल ा _ र ा ह _ र ा _ ह 
233,ल ा न 
234,ल ॉ य ो प ् ग ो र 
235,ल द ् ल ा द ा 
236,ल े न र 
237,ल ा ग ् र े क 
238,ल ै प ो 
239,ल ा म ी 
240,ल े ं ल 
241,ल ा य न र 
242,ल ा प 
243,ल ् र ा ल 
244,ल ् र ् ड ु य र 
245,ल ् र ् ज े र 
246,ल ् र ् न ि ल ि र 
247,ल ् र ् ब र 
248,ल ् ब ् ब 
249,ल ् र े य ा 
250,ल ् र े फ र ो 
251,ल ् र ् ग ् ट 
252,ल ् र ि प ् क 
253,ल ् र ह 
254,ल ् र स ् ट ् स 
255,ल ् र े ल ा ह 
256,ल _ न ी 
257,ल _ आ ा न ु न ो 
258,ल _ इ न 
259,ल ् स ा ई न 
260,ल ् न े ड स े ल 
261,ल ् न ु श 
262,ल ं क ् ड े 
263,ल ं ब ् र 
264,ल ् न ो _ आ ई 
265,ल ् ल ो ज ा र 
266,ल ् न ी 
267,ल ् न ् स ी 
268,ल ं ग ो स ् ड ट ं क 
269,ल ् न ू ह ू र ् ल 
270,ल न ् न ब 
271,ल ् न े र ् प 
272,ल ो न े ब 
273,ल ् ल ् न 
274,ल ् स ू 
275,ल ् स े क े क ा ई 
276,ल ् स ी य ं र 
277,ल ् स े स 
278,ल ् स ो _ आ ा 
279,ल ि य ा द ा 
280,ल ि य न ल 
281,ल ि ज ् न े क 
282,ल ि ं ग ् न े क 
283,ल ि न ् य र 
284,ल ि म ् न ो व 
285,ल ं ब ा ब न 
286,ल ं ग 
287,ल ् ज ै ं ब र ् ह 
288,ल ् ड ् स ् क ् ब 
289,र ् ल ् स 
290,र ् ल ् क ् र ी 
291,र ् ल ् ड स े ह 
292,र क ् क ् स ि र 
293,र ् क ् ट न े 
294,र ि ह ट ् र ् न 
295,र ू ं ट 
296,र ॉ ल ् र ी 
297,र ो ल ् र ी ह 
298,र ू ओ ए 
299,र ो ड र ी 
300,र ो स े क 
301,र ु म ि र ् प 
302,र े ट ् र ि ज ि ह र 
303,र ी _ आ ई 
304,र ि ं क 
305,र ि य न र 
306,र ि ज ् न े 
307,र ि फ _ र ि फ ् स 
308,ढ ृ त ् स े न े 
309,र ् ट ि र ो य ा 
310,र ् ट र ड ा ल 
311,र ् क ् र े न ा 
312,र ् क ् ग ो स ी 
313,र ् प र ् ल 
314,व े त ा ह प 
315,व ै क ् स 
316,व ह ट र े र ि ह 
317,व फ ा ओ 
318,व फ ो 
319,व ् र ि ए ल ् स 
320,व ् र ि य र ि स 
321,व ् र ि स 
322,व े ल 
323,व ि र ि ं क ् ब ा 
324,व ि न ् न ि य ा ह 
325,व ि स ् ट ् र ी 
326,क ा ल ा क 
327,क ा ल ि य ा 
328,क ॉ क ् न 
329,क ॉ न र ् स 
330,क ौ ह ा ह 
331,क ा द ु _ न ि न 
332,क े आ क ा ग ी 
333,क े र क ा ड ा 
334,क ा ई द 
335,क ै द 
336,क ा य र ी 
337,क ा म ह 
338,क ा म ् त ा द ा 
339,क म ् य न 
340,क ् र ि य ो ल र 
341,क ् र ि ं ट ा 
342,क ् र ि ड े ं म ् ड 
343,क _ ए य त ् ब ा ई 
344,क ् फ ा ँ 
345,क ् ल ा 
346,क ् स ि अ ब _ आ ॉ 
347,क ् म ो र 
348,क ् व ् स ि ल 
349,क ो ल ् फ 
350,क ो ड स ि स े 
351,क ो स र 
352,क ् स ् ब _ आ ो र 
353,क ् ब ् ट र 
354,क ् स ु ड र 
355,स े क ् म ि ट 
356,क ् स ी _ ब ् स ी 
357,च ् श ं क ा स 
358,क ् श ज द ् न 
359,स ् य े न े ल े क ी 
360,स ि य ा 
361,स ि य ा प 
362,क ि र े ट र _ ए 
363,क ि र ् य ू न ो र 
364,स ि श 
365,क ् म ल _ आ 
366,क ् म ् व ा ई त 
367,क ् म ो य न 
368,क ो व 
369,क े ल ् र ि ं ग ग ो ड 
370,क ि ब 
371,_ आ द न ल 
372,आ र ् फ 
373,आ ॉ र ् प 
374,व ॉ व 
375,आ _ द ा द ा 
376,ई ह ट र 
377,य ा ई 
378,आ ह न े क ी 
379,आ ई य र ् प 
380,आ ै ज ं क 
381,_ त ा स 
382,आ प ् प 
383,र ि स ी 
384,र ो ह 
385,र द ् न े च 
386,न _ क ् र ी 
387,न ॉ व ं क ् र ी 
388,न ू 
389,न ू क ि र ् ट 
390,न े ल म ् ट े 
391,अ न ा ौ 
392,न ् प ् स 
393,स ् क ् क 
394,स ॉ ल ् र ी 
395,स ो र 
396,स ॉ न ल ा प 
397,स ् द ् र ट र ा ल 
398,स े ल ा 
399,स े र 
400,स े _ स े 
401,श े ई 
402,म ु 
403,म ् ल ् ल ि ह ् र ि ह ् र ो ल 
404,म ॉ न 
405,न ू 
406,म ा य ा इ न 
407,म ् ड ग ै क 
408,म ि ए प ् ल ा _ य ा _ म े प ् ल ा _ य 
409,म े ल ि र 
410,म े ट 
411,ह _ म े 
412,प ि स ् स ् र े ं ख 
413,न ु य ा ल त 
414,न ् क ा _ ए 
415,ं क ् क ॉ र ् ल 
416,न ् ड ा क र 
417,न ी द 
418,न े ल ् ब ा य ट 
419,न े क ् र ी श ू 
420,न ी ह ा व 
421,न े ह ट ि म ् ट न ् स 
422,न े ट र ् क ि ट र ा ट ो 
423,न े ट ् र ि य े ट ् स ि य ो 
424,न ि न _ द ् र ी 
425,न ो र 
426,न ् ट ् य े 
427,न ् ट ॉ न े स 
428,न ् ट ा ज ा 
429,न ् र े ट ् म ि र 
430,व ा व र ् र 
431,व े न 
432,व ा य ह य र ो ल 
433,व क ् स ु 
434,व ा _ इ म ह र 
435,व न ् र 
436,व े ं ट ् म 
437,व ॉ ट न 
438,व द न 
439,व ा ड ल ा 
440,व े ह ा ल _ आ ई 
441,व े व ् क ् न ी 
442,व ा य ा क ा 
443,व प े स ा ई 
444,व ा प े त ा 
445,व ा प ा ग ि य ा ह _ ल ा ई 
446,व ् र ् क 
447,व र ् स 
448,व र ् ट ा 
449,व र ् ट 
450,व र ् ज न 
451,व ् म ् ब 
452,व ् ं ब र े क ् र 
453,व _ म ् ट ा 
454,व ् न ो ए न 
455,व ् न ् ड 
456,व ् न े 
457,व ् स 
458,व ् म े _ ग ि न 
459,व ् स _ आ ई 
460,क ् ल ् ल ् क र 
461,व ् ज ा ई 
462,व ् ट ् ट ् न ू 
463,व ् ट ् ट न े न े 
464,ब ा य ा 
465,ब ा द न ो 
466,ब ा ह _ न 
467,ब ौ 
468,ब ौ न ि य ा 
469,ब व ा य न ा 
470,ब ॉ ग ा क ् र 
471,ब द ु य न 
472,ब े ब ो त ा 
473,ब े ल ा द ु प 
474,ब े ल ह ह ज द 
475,ब े ल 
476,ब े र े क ि य ा 
477,ब े र ि न ा 
478,ब े _ अ ं प ा 
479,ब े ट र 
480,ब े प ा 
481,ब ा य द ा 
482,ब ि य े व ज े 
483,ब ै र ् क ा 
484,ब ा ई 
485,ब ै स ् स े 
486,ब ा य ज ा 
487,ब ह ट ् म ि न 
488,ब ै ट न ो स 
489,ब ा थ र 
490,ब ज क _ न 
491,ब फ न 
492,ब ् र ा थ 
493,ब ् र र ् ल ् प 
494,ब ् र ी र ल ् प 
495,ब ् र े श _ आ 
496,ब ् र ी 
497,ब ् र ट ो र 
498,ब ् र ् ट म 
499,ब _ आ ॉ र ् ल 
500,ब _ ए ा 
501,ब _ अ प ि ं प ा _ य ा 
502,ब ा प प ा द 
503,ब ् र ो ट र 
504,ब _ स ् ल ा 
505,ब ् स े न 
506,ब ् य ा ब _ म ो न ा 
507,ब ं व ब ं ट 
508,ब ् न ू य ो र ् प 
509,ब ् न ि ड े न 
510,ब न 
511,ब ं ह र 
512,ब न न 
513,ब न ह ा 
514,ब ् न ट र 
515,ब ो म र ी र ी 
516,ब ् स ो 
517,ब ् स े 
518,ब ् स ि र 
519,ब ् श े 
520,ब ् स ् ट ् स 
521,ब ि र ु ह 
522,ब ि न 
523,ब ् म ो ह र ् ब ा ई 
524,ब ् ट ् ट र 
525,ब ् स े व न 
526,ओ आ क 
527,ओ व ज त न 
528,ऑ भ _ द ं ग त _ प 
529,ओ व ो 
530,ओ य े ल 
531,ओ ओ ए र 
532,ओ ह 
533,ओ ह ब ् र ी 
534,ओ ए प ् र ् स न 
535,ऑ र _ ड े 
536,ऑ र न 
537,ऑ र े क र 
538,ऑ र ् ट ् र ी 
539,ओ र ् य र ी 
540,ओ र ् प ो ए ल 
541,ओ ं क _ ट 
542,ओ न े ल ् प 
543,ओ न ा 
544,ओ स ु क _ र ा इ ह ब 
545,ओ स _ आ ा 
546,ओ स ् ब 
547,ऑ स ् प _ न ो र ह 
548,ओ म ् ब ् प 
549,ऑ ं ट ् स ॉ ल 
550,ऑ म ् ट _ र ी 
551,ओ प ी 
552,ऑ प ् ट स 
553,द ा _ न ी 
554,द ा ए क र 
555,द ा ई 
556,ड क ् र ् र 
557,द क ् ब ा प 
558,द ा ल 
559,द ा ल ा ई 
560,ड ै ल न े र 
561,ड े स 
562,द ा _ य ा 
563,द ा _ अ व ौ र ् र 
564,द ा _ ग त ि य ा 
565,द ा _ स द ् द र ल 
566,द ा न ो 
567,द ो 
568,द ौ ब ा 
569,ड ा म ब ् म 
570,द द ् त ा 
571,द े ं ब ् म ी 
572,द े व ् म ि य ो 
573,द े ई 
574,द े ह स ी 
575,द ै क े ट ् स े न ् स 
576,द ा य क _ आ न 
577,द ै न र 
578,ड ै व ् न ी 
579,द ै म ् ल _ ए ा ल _ न 
580,द ह व न ् ल 
581,द ह स े 
582,द त ा य 
583,द ा ट _ र ् ज 
584,द ट 
585,द त ् न 
586,द म े ह र ू 
587,ड ज र े क 
588,द ज ो य ा 
589,द क ो आ ई प 
590,द ् र ल ा 
591,ड ् ड र ् स _ ल ् स ् स 
592,द ् र ी 
593,द ् र _ आ य य 
594,ड ् र न 
595,ड ् र ू र _ य ा 
596,ड ृ ् स ि न ा ओ 
597,द ् र े य ा 
598,ड ् र े क ् म ा ए क 
599,द ् र ि य ा 
600,द ् र ि र 
601,ड ् र ि ं ट 
602,ड ् र ि न ो 
603,ड ् र ् ट ा उ 
604,द ् र ् ट _ य ा र ् ट _ 
605,ड ् र ् ट _ म ् र ो ए 
606,ड ् र क ् न ा ई 
607,द ् र ् प ि ं क ् ब 
608,द ा र 
609,ड ् ड े ं क _ र े र ी 
610,ड ं क _ स न 
611,न ् ल ल ् ट स 
612,न ो न 
613,ड ् न े ट ् स 
614,ड ं क _ आ द 
615,ड ं ट र े क र 
616,द ं थ म ु न _ न 
617,ड ् स न े म ् न 
618,द ् स े ह े त ् स 
619,ड ् स े थ _ न ि र 
620,ड ि श ् न े न 
621,द ि स ि स 
622,स ् म ो ट ि न ् र 
623,ड ् स ् ट _ य ा 
624,द ् स फ ै त 
625,द ि न ी य न 
626,ड ् म ् म र ु 
627,ड ् म ो _ स ् म ् र 
628,ड म ् ट न 
629,ड म र ् ड 
630,ड े ह न ् व 
631,द ् म ि य ो ं ट _ आ ई 
632,ड ि ल ् स _ व 
633,द ् म _ व ं ज ् म ी 
634,द ् म ा _ आ ई _ ए ा _ आ ा _ य ा _ आ ई 
635,द ् ड 
636,ई आ द न 
637,ई आ त र 
638,ई क ा ड स ् ट ् स 
639,ए _ न े 
640,ई ब _ ं द ् स ी 
641,ई ह र े 
642,ए ह क ् स ् ग ् न र 
643,ई ह _ र ् र े 
644,ई ज ा फ 
645,ई प ा 
646,ई फ ा ई 
647,ए र ो न 
648,ए र ि य ा 
649,ए र ् ट ि य ा ट न 
650,ए न ् ट 
651,ए ं क _ ट े क ा र 
652,ए ं ब न ् ट ा 
653,ए ं ड ि स ् ल 
654,ए न ि ल ् श _ न 
655,ए ह _ क ा प 
656,इ स ो ट ् र 
657,ए स ी ल 
658,ए स ि त _ र ी 
659,ए स ि त _ म ् द ु इ न ा 
660,ए स ् ट न े क _ ए ड 
661,ए स ् य े र ि ं क ा 
662,स ो ल स े प ् स 
663,स े क _ य ा क 
664,स ी 
665,स ि य ो प 
666,स ि द ् म ो आ 
667,श ा द ् म 
668,स ् य ी र ि य ा ल 
669,ग ै ल ् म 
670,ग न े त ् र ी 
671,ग ो व ा क ा 
672,ग ॉ म े क 
673,ग ई द ा 
674,ग े त े य ो 
675,ग ग ् ह 
676,ग ई 
677,ग ै क ् र ो 
678,ग ै न र ् ट ा 
679,ग ै ब ा ई 
680,ग ै भ 
681,ग ै त _ न ी 
682,ग ै य त 
683,ग ह क ् स ा 
684,ग ह न ी 
685,ग ह ़ म ा ओ 
686,ग ट र 
687,ग ट ् स े 
688,ग म ो ह 
689,ग ा य स त ् ट न 
690,ग ै प न े क 
691,ग ा प ् स 
692,ग ् र ा क 
693,ग ् र ा य ह ा ओ 
694,ग ् र ा य ह स 
695,ग ् र े ट े ड र ् न ा 
696,ग ् र ् ग ो र 
697,ग ् र ि ह ् स 
698,ग ् र ी ह 
699,ग ् र ् ट र ि ह ् स 
700,ग _ न ो स 
701,ग ् स ो य ा ट न 
702,ग _ स ् ट ् स 
703,स ् ट ् स ् स ि य ा ग 
704,ग ं क ् ब 
705,ग ् न क े ं क 
706,ग ् ं न र ् ट 
707,ग ो आ क र 
708,ग ो आ ट र 
709,ग ् स ू स ् क 
710,ग ् स ो प ् र क 
711,ग ् स े ट न ख 
712,ग े ं ह ् ष र 
713,ग ् स ि न 
714,ग ् ग ग ् र 
715,ग ि त ् र ो य ा 
716,ग ् ट ् र 
717,ग ा य ू _ आ त न 
718,ग ि य ा क ् म ी 
719,ग ि य ा द स ् प ा 
720,ग ि र ् क ो 
721,ग ि र ् ड न 
722,ग ि र ी ज ् य ा 
723,ग ि र ह ह 
724,ग ि ं र ् ट 
725,ग ि न े ट 
726,ग ि स र ् ण ् स े य 
727,ग ि स ् व न ो र 
728,ज ि स ् य न े न ् र ी 
729,ग ि म ् ट 
730,ग ् म ु न ् क 
731,ग ् म क ा 
732,ग ् म ा ई र ् क ा 
733,ग ् म े व ा 
734,ग ् म ि य ा 
735,ग ् म ि य ा न 
736,ग ि श ् ब ई 
737,ग ् म ि य स ् ल प 
738,ग ् म ि फ ा 
739,ग ् प ा ई र 
740,ज़ न 
741,ज़ ् म ल 
742,ज ़ ा ए ं ट 
743,ज ़ म े स े 
744,ज ़ ा ई य ा 
745,ज ़ ् म न ा 
746,इ ल ा 
747,इ क ् स ् स े त 
748,आ आ _ द ा _ ई 
749,ई आ _ स 
750,इ य ा _ म 
751,इ य ा न 
752,इ न ी 
753,आ व र ् ह 
754,इ आ ा व ा 
755,इ आ ब ि य ा 
756,इ आ ड ् क 
757,इ ड ् न े 
758,ई ए क _ न 
759,इ ए क र ो न 
760,इ य े क र 
761,इ य े क न ो र 
762,आ ज़ न ु म ो 
763,आ ह _ ब 
764,इ ह त ि ं प ा 
765,इ र ् ल ् फ 
766,इ र ् व न 
767,इ र ी न र 
768,इ र ् र ा ई क 
769,इ ं क 
770,इ ं ड 
771,इ ं ग ् र ी 
772,इ ं ट _ न ् र 
773,इ स ् य ू न _ स ् ल 
774,इ स े ल ् म ् ं ट 
775,इ स ् ग ा 
776,इ स ् ट _ आ 
777,इ म ् ब ा 
778,इ म _ य ा म _ य ा म 
779,इ म ् ट _ य ा 
780,इ म ् फ े र 
781,इ प े 
782,इ प े न ी 
783,इ प ् र ी 
784,ह ह 
785,ह ौ य 
786,ह क _ आ न 
787,ह ल ा ह _ न ी 
788,ह ा र ् र ् ड 
789,ह ल _ आ ई 
790,ह ल ि य ा 
791,ह व न प ा _ प ा 
792,ह व म ो 
793,ह ा न ल 
794,ह न ् म ो 
795,ह न ् क ो 
796,ह न े ट ् र 
797,ह ॉ र _ व ा र 
798,ह द ा 
799,ह द द 
800,ह ई ज ु ई 
801,ह े ं त ा य प 
802,ह े ब र ् ट 
803,ह ग 
804,ह ग ् र ि य ा 
805,ह ै ं प ा 
806,ह ै स ् य ई 
807,ह ट ा ट ा 
808,ह त ् त ा ई 
809,ह ट ् ट र 
810,ह य म 
811,ह ज ा ई 
812,ह प ् द म त ा 
813,ह क _ म प ो र ी 
814,ह ं ह स ी 
815,ह ् स ि ग ् न ् स 
816,ह स ट ् ट न _ य ा 
817,ह र ु ह ् ट ् र ी 
818,ह ् र ू ए त 
819,ह र म े ल ् र ि य ा ल 
820,ह र ् ल _ य ा 
821,ह र ् ब _ य ा 
822,ह र ् न 
823,र ं ब न 
824,ह ् र ् न े व र 
825,ह र ू र क 
826,ह र े न ी 
827,ह र ि व र े त 
828,ह र ् ट _ य ा र ् ट 
829,ह _ आ े क ् न 
830,ह _ ए _ ल ा ई 
831,ह _ अ ब र ् ग ् र ा य र 
832,ह ा द 
833,ह _ आ ध _ र ि य ा 
834,ह े ल ा 
835,ह _ ए े न 
836,ह ि इ म व ा प 
837,ह ा ं ब त 
838,ह _ म ो 
839,ह _ र ा _ प र _ प 
840,ह _ र ् ट ो य ा 
841,ह _ र ं ब _ य ा _ आ र ् ब _ य ा _ 
842,ह _ र ् ब 
843,ह _ र ि ं ल े 
844,ह ् र ि ज ् न े 
845,ह _ न ू न े क ् स ि ल 
846,ह _ न ् य ा व न 
847,ह _ न ा द 
848,ह _ स ् ब 
849,इ य ा ए त ् न 
850,ह _ आ ा ज े 
851,ह _ म ु र ो ं ब 
852,ह _ म ् ब ो 
853,ह _ म े 
854,ह न ा ल 
855,ह न ् ल त 
856,ह ं ल न ् ज ़ 
857,ह ं क ् म ी र ् प 
858,ह ं ब ब र ् प 
859,ह न ू ह 
860,न ॉ य र ि ज स ् ल 
861,ह ं ट ा ग _ अ ओ ड े ल न 
862,ह ब ् ब 
863,ह ा द ा उ 
864,ह ् स ो स ् ड े 
865,ह ॉ म ् ट न ् स 
866,ह ् द ् र ि ह ह र ् ट 
867,ह स े न ा 
868,स ् स ो क न ि न 
869,ह श ा 
870,ह ् म ् य ू न 
871,ह ् स ् प ा 
872,ग ् र ् क न ा ओ 
873,ह ् न ् र ू र ि क 
874,ह ् ग ी न े क 
875,ह ं स े 
876,ह ् स े क र 
877,ह ि न ि य ा द 
878,ह ् ट े स ् न 
879,थ त ् र 
880,ट ् र र 
881,ह ् र ो ह र ो ह 
882,ह ् र े ब ा 
883,ह ट र ग _ र े ह 
884,ह ् र ् म ि क ा ट 
885,ह ् त ा ज ु र ी इ प 
886,ह ि प ् ल स ् ड 
887,ह ् म ् म ि ट 
888,ह ् ट ि न 
889,ह म 
890,ह ् य ु म ि अ द ा द ा द 
891,ह म क ि र 
892,ह म ् न ि ड े 
893,ह म _ आ क ा 
894,म _ ए न ो आ 
895,ह म ् व न 
896,ह म ो क ् ट ् र 
897,ह म ् र ि ग ् म ी 
898,ह म े ल ा ई द 
899,ह ं ग ् र ी 
900,ह ं ग _ ए ग ् स े क 
901,ह म ह ा 
902,ह ज ी 
903,ह ् न े य ु म ी 
904,ह े क _ इ स े ं ह र ् ल 
905,त ौ न 
906,त ा _ ओ न े 
907,त न ो स ी 
908,ट ै ं ग र ् न 
909,त े ल ा 
910,ट े ल ् प 
911,त े ह क ् स 
912,ट ा य र ् ब 
913,त ा य र 
914,त ा य र ी 
915,त ज े ल ा 
916,ट र ् ण ल 
917,ट ् र ो र ् क ् ड 
918,त ् र ो स ि य ा ग 
919,त ् र ि य ू न ो र 
920,त ृ ह ं क ा 
921,ट ् र ् म ब ा 
922,ट _ ए े ल ा 
923,ट ् र 
924,त _ र त ि र 
925,त _ र ो ह ् स 
926,त ् र ि ड ा 
927,ट ् न र ् व 
928,ट _ न ो ए 
929,त _ न ो न े 
930,ट ् स ी 
931,ट ि स ् च 
932,ट ् म ् क 
933,ट ं क ब ् र ट 
934,ट ् न ् ल न े श 
935,ट ् ं क ् र ी 
936,ट ो ट ् ड े 
937,ट ् ट न ् ड र 
938,त ् स ो म ् क ा 
939,ट ् स ् ड ो न 
940,ट ् स ि र े ट 
941,त ि य ा ल ् न 
942,त ि ं ब ा य 
943,ट ि म ् ल ् र म 
944,थ ा य स 
945,ट ् म ् म व र ् प 
946,त ् म ् द _ आ ा ई 
947,ट ् म ि क ् स 
948,म ् र ु र ि स ् ट _ य ा _ य ा _ य ा _ य 
949,म ् र ् ह _ य ा र ् ह 
950,म ो ह ट ् र ी 
951,म े ं ट ् र ल 
952,म ् ग 
953,म ा ह _ आ 
954,म ् ट _ आ त ा 
955,म थ र प ा 
956,य ौ व ा ई 
957,य म ो ट न े क 
958,य र ् न े ं क ् न स 
959,य र ो क ि स 
960,य र ् ड ु अ ब ् ट न 
961,य र ् ट न े 
962,य र ब ा त ग त 
963,य ि र ि ं फ ् स 
964,य र ् म ि न ् म 
965,य न ु _ म ा _ ए ई 
966,य ं ब ॉ ग 
967,य ु न ो र े ं क ा 
968,य न ् य ा 
969,य ि य ा ह _ आ ा _ व ा _ आ 
970,य ि र ू न 
971,ज ा _ न ् ल म ो 
972,ज ॉ 
973,ज ौ आ 
974,ज ा य ो न े क ् ट 
975,ज े ल ा 
976,ज ह ं द 
977,ज क 
978,ज _ न ् ट न े क 
979,ज _ ं ट ् ड ा 
980,ज _ ं ट ् ट ा ओ 
981,ज ् स ् ग 
982,ज ् ं व र ् म ि ं प ा 
983,ज ् न ो न ा ह ़ ् स े 
984,ज न _ आ ई त 
985,ज न र ब न 
986,ज ं ट 
987,ज स 
988,ज ु ज ो द े 
989,ज ् स ू र ् प 
990,ज ं ट ् र ् ड ु र ि क 
991,प ल ् स 
992,प ा ह _ स ् ल _ आ ई 
993,प ् स ् क ् र े ल ी 
994,फ ौ य ा ई 
995,फ ा _ र ी 
996,फ ् र ू ज र ी 
997,फ ् र ग ् र ो न 
998,फ ि न े ल ै क न 
999,फ ् न ् स 
